AGE Week,Corrected Date,Bird No.,Dead,Cull,Pieces,%HD,%HH,FEED (bags)
21,2024-10-19,1978,,,458,23.15,23.07,4
21,2024-10-20,1978,,,587,29.22,29.57,4
21,2024-10-21,1978,,,689,34.63,34.5,4
21,2024-10-22,1978,,,841,42.51,42.36,4
21,2024-10-23,1918,,,990,50.35,49.37,4
21,2024-10-24,1978,,,1071,54.14,53.95,4
21,2024-10-25,1978,,,1200,60.66,60.46,4
22,2024-10-26,1978,,,1337,67.59,67.35,4
22,2024-10-27,1978,,,1410,71.28,71.03,4
22,2024-10-28,1978,,,1500,75.83,75.56,4
22,2024-10-29,1978,,,1530,77.35,77.37,4
23,2024-11-02,1977,1,,1680,84.97,84.63,4
23,2024-11-03,1977,,,1683,85.12,84.78,4
23,2024-11-04,1977,,,1735,87.75,87.4,4
23,2024-11-05,1977,,,1706,86.29,85.94,4
23,2024-11-06,1977,,,1689,85.43,85.08,4
23,2024-11-07,1977,,,1721,87.05,86.7,4
23,2024-11-08,1977,,,1747,88.36,88.01,4
24,2024-11-09,1977,,,1748,88.41,88.06,4
24,2024-11-10,1976,1,,1715,86.79,86.39,4
24,2024-11-11,1976,,,1747,88.41,88.02,4
24,2024-11-12,1976,,,1750,88.56,88.16,4
24,2024-11-13,1975,,1,1770,89.62,89.16,4
24,2024-11-14,1971,,4,1776,90.1,90.1,4
24,2024-11-15,1969,2,,1739,88.31,88.31,4
25,2024-11-16,1969,,2,1778,90.29,89.57178841,4
25,2024-11-17,1967,,,1792,91.1,90.27707809,4
25,2024-11-18,1967,,,1774,90.18,89.37027708,4
25,2024-11-19,1967,,,1793,91.15,90.32745592,4
25,2024-11-20,1967,,,1765,89.73,88.91687657,4
25,2024-11-21,1967,,,1777,90.34,89.52141058,4
25,2024-11-22,1967,,,1755,89.22,88.41309824,4
26,2024-11-23,1966,1,,1883,95.77,94.86146096,4
26,2024-11-24,1966,,,1785,90.79,89.92443325,4
26,2024-11-25,1965,1,,1776,90.38,89.47103275,4
26,2024-11-26,1963,,2,1748,89.04,88.0604534,4
26,2024-11-27,1962,,1,1735,88.43,87.40554156,4
26,2024-11-28,1962,,,1770,87.15,89.16876574,4
26,2024-11-29,1961,,1,1729,88.16,87.10327456,4
27,2024-11-30,1960,,1,1770,90.3,89.16876574,4
27,2024-12-01,1960,,,1826,93.16,91.98992443,4
27,2024-12-02,1960,,,1750,89.28,88.16120907,4
27,2024-12-03,1959,,1,1763,89.99,88.81612091,4
27,2024-12-04,1959,,,1774,90.55,89.37027708,4
27,2024-12-05,1959,,,1775,90.76,89.42065491,4
27,2024-12-06,1958,,1,1787,91.26,90.02518892,4
28,2024-12-07,1958,,,1769,90.09,89.11838791,4
28,2024-12-08,1958,,,1791,91.47,90.22670025,4
28,2024-12-09,1956,2,,1810,92.53,91.18387909,4
28,2024-12-10,1956,,,1791,91.56,90.22670025,4
28,2024-12-11,1956,,,1805,92.28,90.93198992,4
28,2024-12-12,1956,,,1825,93.3,91.9395466,4
28,2024-12-13,1955,1,,1823,93.29,91.83879093,4
29,2024-12-14,1955,,,1833,93.75,92.34,4
29,2024-12-15,1955,,,1817,92.94,91.53,4
29,2024-12-16,1955,,,1754,89.17,88.36,4
29,2024-12-17,1955,,,1810,92.58,91.18,5
29,2024-12-18,1955,,,1793,91.71,90.32,4
29,2024-12-19,1955,,,1800,92.07,90.68,4.5
29,2024-12-20,1954,1,,1814,92.83,91.38,4.5
30,2024-12-21,1953,1,,1764,90.32,88.86,4.5
30,2024-12-22,1953,,,1814,92.88,91.38,4.5
30,2024-12-23,1951,2,,1795,92,90.42,4.5
30,2024-12-24,1951,,,1830,93.79,92.19,4.5
30,2024-12-25,1951,,,1805,92.51,90.93,4.5
30,2024-12-26,1950,1,,1770,90.76,89.16,4
30,2024-12-27,1950,,,1880,92.3,94.71,4
31,2024-12-28,1949,1,,1749,89.73,88.11,4
31,2024-12-29,1948,1,,1768,90.75,89.06,4
31,2024-12-30,1947,1,,1771,90.96,89.21,4
31,2024-12-31,1947,,,1770,90.9,89.16,4
31,2025-01-01,1946,1,,1745,89.67,87.9,4
31,2025-01-02,1946,,,1770,90.95,89.16,4
31,2025-01-03,1946,,,1740,89.41,87.65,4
32,2025-01-04,1946,,,1770,90.95,89.16,5
32,2025-01-05,1945,1,,1758,90.38,88.56,4
32,2025-01-06,1945,,,1740,89.46,87.65,4
32,2025-01-07,1944,1,,1788,91.97,90.07,4
32,2025-01-08,1944,,,1719,88.42,86.59,4
32,2025-01-09,1944,,,1770,91.04,89.16,4
32,2025-01-10,1943,1,,1767,90.94,89.01,3.5
33,2025-01-11,1941,2,,1738,89.54,87.55,3.5
33,2025-01-12,1940,1,,1741,89.74,87.7,3
33,2025-01-13,1940,,,1710,88.14,86.14,3
33,2025-01-14,1940,,,1700,87.62,85.64,5
33,2025-01-15,1939,1,,1699,87.62,85.59,4
33,2025-01-16,1938,1,,1772,88.85,89.26,4.5
33,2025-01-17,1937,1,,1720,88.79,86.64,4.5
34,2025-01-18,1935,2,,1710,88.37,86.14,4
34,2025-01-19,1934,1,,1723,89.08,86.8,4
34,2025-01-20,1934,,,1722,89.03,86.75,4
34,2025-01-21,1932,1,,1732,89.64,87.25,4.5
34,2025-01-22,1929,3,,1729,89.63,87.1,4
34,2025-01-23,1928,1,,1717,89.05,86.49,4.5
34,2025-01-24,1927,1,,1722,89.36,86.75,4
35,2025-01-25,1927,,,1712,88.84,86.24685139,4
35,2025-01-26,1927,,,1712,88.84,86.24685139,4
35,2025-01-27,1927,,,1714,88.94,86.34760705,4.5
35,2025-01-28,1927,,,1710,88.73,86.14609572,4
35,2025-01-29,1925,2,,1725,89.61,86.9,4.5
35,2025-01-30,1923,2,,1705,88.66,85.89,4
35,2025-01-31,1923,,,1700,88.4,85.64,4
36,2025-02-01,1923,,,1727,89.8,87,4
36,2025-02-02,1923,,,1710,88.92,86.14609572,4
36,2025-02-03,1923,,,1685,87.62,84.88664987,4
36,2025-02-04,1923,,,1693,88.03,85.28967254,4.5
36,2025-02-05,1923,,,1717,89.28,86.49874055,4
36,2025-02-06,1923,,,1710,88.92,86.14609572,4
36,2025-02-07,1923,,,1726,89.75,86.95,4
37,2025-02-08,1922,1,,1793,93.28,90.32,4
37,2025-02-09,1921,1,,1790,93.18,90.17,4
37,2025-02-10,1920,1,,1730,90.1,87.15,4
37,2025-02-11,1919,1,,1736,90.46,87.45,4.5
37,2025-02-12,1919,,,1770,92.23,89.16,4
37,2025-02-13,1919,,,1749,91.14,88.11,4
37,2025-02-14,1919,,,1739,90.62,87.6,4
38,2025-02-15,1919,,,1740,90.67,87.65,4
38,2025-02-16,1919,,,1746,90.98,87.95,4
38,2025-02-17,1919,,,1740,90.67,87.65,4
38,2025-02-18,1919,,,1731,90.2,87.2,4
38,2025-02-19,1916,3,,1754,91.54,88.36,4
38,2025-02-20,1916,,,1710,89.24,86.14,4
38,2025-02-21,1915,1,,1710,89.29,86.14,4
39,2025-02-22,1915,,,1740,90.86,87.65743073,4
39,2025-02-23,1913,2,,1705,89.12,85.89420655,4
39,2025-02-24,1911,2,,1740,91.05,87.65743073,4
39,2025-02-25,1911,,,1740,91.05,87.65743073,4
39,2025-02-26,1910,1,,1740,91.09,87.65,4
39,2025-02-27,1910,,,1736,90.89,87.45,4
39,2025-02-28,1910,,,1714,89.73,86.34,4
40,2025-03-01,1909,1,,1729,90.57,87.1,4
40,2025-03-02,1909,,,1718,89.99,86.54911839,4.5
40,2025-03-03,1909,,,1720,90.09,86.64987406,4.5
40,2025-03-04,1909,,,1746,91.46,87.95969773,4.5
40,2025-03-05,1908,1,,1759,92.19,88.61460957,4
40,2025-03-06,1908,,,1748,91.61,88.0604534,4
40,2025-03-07,1908,,,1758,92.13,88.56,4.5
41,2025-03-08,1907,1,,1764,92.5,88.86,4
41,2025-03-09,1907,,,1737,91.08,87.5,4
41,2025-03-10,1907,,,1712,89.77,86.24,4
41,2025-03-11,1907,,,1746,91.55,87.95,4
41,2025-03-12,1906,1,,1742,91.39,87.75,4
41,2025-03-13,1906,,,1696,88.98,85.44,4
41,2025-03-14,1906,,,1716,90.03,86.44,4
42,2025-03-15,1906,,,1707,85.55,85.99,4
42,2025-03-16,1906,,,1735,91.02,87.4,4
42,2025-03-17,1906,,,1722,90.34,86.75,5
42,2025-03-18,1906,,,1731,90.81,87.2,4
42,2025-03-19,1904,2,,1675,87.97,84.89,4
42,2025-03-20,1904,,,1670,87.71,84.13,4
42,2025-03-21,1904,,,1710,89.81,86.14,4.5
43,2025-03-22,1904,,,1695,89.02,85.39,4
43,2025-03-23,1903,1,,1690,88.3,85.13,4
43,2025-03-24,1902,1,,1698,89.27,85.54,4
43,2025-03-25,1902,,,1746,91.79,87.95,4.5
43,2025-03-26,1901,1,,1661,87.37,83.67,4
43,2025-03-27,1897,4,,1682,88.52,84.73,4
43,2025-03-28,1892,5,,1694,89.2,85.34,4.5
44,2025-03-29,1891,1,,1649,87.2,83.07,4
44,2025-03-30,1891,,,1604,84.82,80.8,4
44,2025-03-31,1890,,,1679,88.83,84.58,4
44,2025-04-01,1889,1,,1650,87.34,83.12,4
44,2025-04-02,1886,3,,1653,87.64,83.27,4
44,2025-04-03,1884,2,,1628,86.41,82.01,3
44,2025-04-04,1884,,,1645,87.31,82.37,4
45,2025-04-05,1883,1,,1620,86.03,79.8,3
45,2025-04-06,1882,1,,1628,86.5,79.09,4
45,2025-04-07,1882,,,1649,87.61,79.45,4
45,2025-04-08,1879,3,,1617,86.05,79.85,3
45,2025-04-09,1879,,,1659,88.29,79.8,4
45,2025-04-10,1879,,,1684,89.62,79.19,4
45,2025-04-11,1878,1,,1667,88.76,79.24,4
46,2025-04-12,1877,1,,1650,88.33,82.51,4
46,2025-04-13,1877,,,1662,88.54,83.72,4
46,2025-04-14,1875,2,,1638,87.36,82.51,4
46,2025-04-15,1874,1,,1651,88.1,83.17,3
46,2025-04-16,1874,,,1620,86.44,81.61,4
46,2025-04-17,1872,2,,1585,84.66,79.34,4
46,2025-04-18,1871,1,,1595,85.24,30.35,4
47,2025-04-19,1871,,,1574,84.12,79.29,3
47,2025-04-20,1871,,,1578,84.33,79.49,4
47,2025-04-21,1871,,,1614,86.26,81.3,4
47,2025-04-22,1871,,,1609,85.99,81.05,4
47,2025-04-23,1871,,,1622,86.69,81.71,4
47,2025-04-24,1871,,,1605,85.73,80.55,4
47,2025-04-25,1870,1,,1616,86.41,81.41,4
48,2025-04-26,1868,2,,1608,86.08,81.09,4
48,2025-04-27,1866,2,,1635,87.62,82.06,4
48,2025-04-28,1865,1,,1600,85.79,80.6,3
48,2025-04-29,1865,,,1588,85.14,80,4
48,2025-04-30,1865,,,1642,88.04,82.72,4
48,2025-05-01,1863,2,,1606,86.2,80.9,3
48,2025-05-02,1863,,,1596,85.66,80.4,4
49,2025-05-03,1863,,,1634,87.7,82.34,4
49,2025-05-04,1862,1,,1588,85.28,80,4
49,2025-05-05,1862,,,1610,86.46,81.1,3
49,2025-05-06,1860,2,,1586,85.26,79.89,4
49,2025-05-07,1859,1,,1558,83.8,78.48,3
49,2025-05-08,1857,2,,1602,86.26,80.7,3
49,2025-05-09,1856,2,,1600,86.2,80.6,4
50,2025-05-10,1855,1,,1615,87.06,81.36020151,4
50,2025-05-11,1855,,,1608,86.68,81.00755668,3
50,2025-05-12,1855,,,1605,86.52,80.85642317,4
50,2025-05-13,1854,1,,1612,86.94,81.20906801,4
50,2025-05-14,1852,2,,1621,87.52,81.66246851,3
50,2025-05-15,1852,,,1619,87.41,81.56171285,4
50,2025-05-16,1852,,,1614,87.14,81.30982368,4
51,2025-05-17,1851,1,,1611,87.03403566,81.15869018,3
51,2025-05-18,1850,1,,1635,88.37837838,82.36775819,4
51,2025-05-19,1850,,,1647,89.02702703,82.97229219,4
51,2025-05-20,1850,,,1642,88.75675676,82.72040302,3
51,2025-05-21,1849,1,,1606,86.85776095,80.90680101,4
51,2025-05-22,1848,1,,1643,88.90692641,82.77078086,4
51,2025-05-23,1848,,,1604,86.7965368,80.80604534,3
52,2025-05-24,1846,2,,1620,87.75731311,81.61209068,4
52,2025-05-25,1846,,,1631,88.3531961,82.16,4
52,2025-05-26,1844,2,,1611,87.36442516,81.15,3
52,2025-05-27,1843,1,,1611,87.41182854,81.15,4
52,2025-05-28,1843,,,1637,88.82257189,82.46,4
52,2025-05-29,1842,1,,1651,89.63083605,83.17,3
52,2025-05-30,1841,1,,1639,89.02770234,82.56,4
53,2025-05-31,1841,,,1635,88.81042911,82.36775819,4
53,2025-06-01,1841,,,1626,88.32156437,81.91435768,3
53,2025-06-02,1841,,,1622,88.10429115,81.71284635,4
53,2025-06-03,1839,2,,1613,87.71071234,81.25944584,4
53,2025-06-04,1836,,3,1617,88.07189542,81.46095718,3
53,2025-06-05,1836,,,1517,82.62527233,76.4231738,4
53,2025-06-06,1833,3,,1609,87.77959629,81.05793451,3
54,2025-06-07,1832,1,,1604,87.55458515,80.8,4
54,2025-06-08,1830,1,1,1591,86.93989071,80.15,4
54,2025-06-09,1830,,,1600,87.43169399,80.6,3
54,2025-06-10,1830,,,1595,87.15846995,80.35,4
54,2025-06-11,1829,1,,1536,83.98031711,77.38,4
54,2025-06-12,1829,,,1615,88.29961728,81.36,3
54,2025-06-13,1826,3,,1577,86.36363636,79.44,4
55,2025-06-14,1826,,,1602,87.73274918,80.7,4
55,2025-06-15,1824,2,,1558,85.41666667,78.48,3
55,2025-06-16,1822,2,,1582,86.82766191,79.69,4
55,2025-06-17,1820,2,,1482,81.42,74.65,4
55,2025-06-18,1818,2,,1484,81.62,74.76,3
55,2025-06-19,1817,1,,1431,78.75619152,72.09,4
55,2025-06-20,1811,,6,1406,77.63666483,70.83,4
56,2025-06-21,1810,1,,1370,75.69060773,69.01,3
56,2025-06-22,1807,3,,1361,75.31,68.56,3
56,2025-06-23,1806,1,,1411,78.12,71.08,4
56,2025-06-24,1803,3,,1472,81.64,74.15,4
56,2025-06-25,1802,1,,1512,83.9,76.17,4
56,2025-06-26,1802,,,1554,86.23,78.28,4
56,2025-06-27,1801,1,,1594,88.5,80.3,2
57,2025-06-28,1801,,,1624,90.17,81.81,4
57,2025-06-29,1800,1,,1631,90.61,82.16,3
57,2025-06-30,1798,2,,1618,89.98,81.51,3
57,2025-07-01,1791,1,6,1592,88.88,80.2,4
57,2025-07-02,1791,,,1631,91.06,82.16,4
57,2025-07-03,1790,1,,1606,89.72,80.9,4
57,2025-07-04,1789,1,,1629,91.05,82.06,4
58,2025-07-05,1788,1,,1593,89.09,80.25188917,4
58,2025-07-06,1785,3,,1587,88.9,79.94962217,4
58,2025-07-07,1782,3,,1595,89.5,80.35264484,4
58,2025-07-08,1779,3,,1586,89.15,79.89924433,4
58,2025-07-09,1778,1,,1560,87.73,78.58942065,4
58,2025-07-10,1778,,,1620,91.11,81.61209068,4
58,2025-07-11,1777,1,,1621,91.22,81.66246851,4
59,2025-07-12,1774,,3,1595,89.90980834,80.35264484,4
59,2025-07-13,1774,,,1625,91.60090192,81.86397985,4
59,2025-07-14,1774,,,1603,90.36076663,80.75566751,4
59,2025-07-15,1774,,,1606,90.52987599,80.90680101,4
59,2025-07-16,1773,,,1622,91.48336153,81.71284635,4
59,2025-07-17,1772,1,,1619,91.36568849,81.56171285,4
59,2025-07-18,1772,1,,1634,92.21218962,82.31738035,4
60,2025-07-19,1770,2,,1614,91.18644068,81.30982368,4
60,2025-07-20,1770,,,1596,90.16949153,80.40302267,4
60,2025-07-21,1767,3,,1578,89.30390492,79.49622166,4
60,2025-07-22,1764,3,,1591,90.19274376,80.1511335,4
60,2025-07-23,1764,,,1548,87.75510204,77.98488665,4
60,2025-07-24,1764,,,1578,89.45578231,79.49622166,4
60,2025-07-25,1763,1,,1551,87.97504254,78.13602015,4
61,2025-07-26,1763,,,1597,90.58423142,80.4534005,4
61,2025-07-27,1763,,,1584,89.84685196,79.79848866,4
61,2025-07-28,1763,,,1566,88.825865,78.89168766,4
61,2025-07-29,1761,2,,1597,90.6871096,80.4534005,4
61,2025-07-30,1759,2,,1579,89.76691302,79.5465995,4
61,2025-07-31,1757,2,,1581,89.98292544,79.64735516,4
61,2025-08-01,1757,,,1573,89.52760387,79.24433249,4
62,2025-08-02,1755,2,,1590,90.6,80.1,4
62,2025-08-03,1754,1,,1564,89.17,78.8,4
62,2025-08-04,1754,,,1571,89.57,79.14,4
62,2025-08-05,1753,1,,1565,89.28,78.84,4
62,2025-08-06,1753,,,1584,90.36,79.8,4
62,2025-08-07,1753,,,1548,88.31,77.98,4
62,2025-08-08,1753,,,1562,89.1,78.69,4
63,2025-08-09,1753,,,1530,87.28,77.08,4
63,2025-08-10,1753,,,1550,88.42,78.09,4
63,2025-08-11,1753,,,1577,88.96,79.45,4
63,2025-08-12,1752,1,,1574,89.84,79.29,4
63,2025-08-13,1752,,,1533,87.5,77.23,4
63,2025-08-14,1751,1,,1586,90.58,79.9,4
63,2025-08-15,1749,2,,1537,87.88,77.43,4
64,2025-08-16,1748,1,,1577,90.22,79.45,4
64,2025-08-17,1748,,,1566,89.59,98.89,4
64,2025-08-18,1748,,,1590,90.96,80.1,4
64,2025-08-19,1748,,,1590,90.96,80.1,4
64,2025-08-20,1748,,,1571,89.87,79.14,4
64,2025-08-21,1748,,,1586,90.73,79.9,4
64,2025-08-22,1748,,,1563,89.42,78.74,4
65,2025-08-23,1748,,,1584,90.62,79.8,4
65,2025-08-24,1747,1,,1570,89.87,79.09,4
65,2025-08-25,1747,,,1577,90.27,79.45,4
65,2025-08-26,1747,,,1585,90.73,79.85,4
65,2025-08-27,1747,,,1584,90.67,79.8,4
65,2025-08-28,1744,3,,1572,90.14,79.19,4
65,2025-08-29,1741,,3,1573,90.35,79.24,4
